,time_0,time_1,time_2,time_3,time_4,time_5,time_6,time_7,time_8,time_9,time_10,time_11,time_12,time_13,time_14,time_15,time_16,time_17,time_18,time_19,time_20,time_21,time_22,time_23,time_24,time_25,time_26,time_27,time_28,time_29,time_30,time_31,time_32,time_33,time_34,time_35,time_36,time_37,time_38,time_39,time_40,time_41,time_42,time_43,time_44,time_45,time_46,time_47,time_48,time_49,time_50,time_51,time_52,time_53,time_54,time_55,time_56,time_57,time_58,time_59
scale_0,1.635071632297833e-06,10.650983323203135,0.014332414677566734,0.0023273578993256373,5.206194231911459e-06,3.977094607998494e-06,3.697619443805389e-06,4.115525248703987e-06,3.6796049247300123e-06,4.547194358180543e-06,5.039108196892836e-06,5.202357925914243e-06,4.7606843154142075e-06,5.1206033742957554e-06,4.0197674583243005e-06,4.4575762775409005e-06,4.684104078970525e-06,4.541742383551339e-06,4.230308662591611e-06,4.845456580518931e-06,3.7801508843329686e-06,4.40612828196431e-06,4.078452948497236e-06,4.026065501201351e-06,4.491147713163525e-06,4.49016290131188e-06,5.505176759663296e-06,4.994866868510532e-06,5.259288495663243e-06,3.97802056116455e-06,4.353431377028537e-06,3.1653252767122147e-06,4.500756944768436e-06,3.88526436664896e-06,4.424625002296632e-06,4.197261151056647e-06,4.026892691659424e-06,4.627708809990812e-06,4.630405677436765e-06,4.9719282544100385e-06,4.32949394945413e-06,5.110463095651669e-06,3.890757541666944e-06,4.947178411067664e-06,4.06872322584665e-06,4.2290678195329296e-06,4.42841253721643e-06,4.251343212765004e-06,5.1677656720521e-06,5.156594418526926e-06,4.895924001388648e-06,4.263696969401428e-06,4.2601719409318495e-06,3.649564685850212e-06,4.6381286920891875e-06,4.359886025342689e-06,5.804763439511237e-06,0.002359501669320891,0.014332128956417816,10.662121097829889
scale_1,2.000333407860143,2.0541629544159936,0.03736033902147473,7.028038501448982e-05,6.183869930228777e-06,5.4422585537197835e-06,4.5482412582278056e-06,5.3410543094233e-06,5.439893100680667e-06,6.535115327949736e-06,7.174643014217797e-06,6.833780487263404e-06,5.937288431344145e-06,6.06721430964406e-06,5.527415802263373e-06,6.01798017536321e-06,5.990065717537366e-06,6.450002984170381e-06,5.420897346509745e-06,5.962966804681455e-06,5.056993558655564e-06,5.62946328011759e-06,5.544698627803477e-06,5.389756599877871e-06,6.708407434038972e-06,6.504716094016571e-06,7.5384408815770015e-06,6.178554038202524e-06,6.320375568623076e-06,4.873631460469005e-06,5.272741239906928e-06,4.752232249947893e-06,6.062954778566351e-06,5.36116781366629e-06,5.347742551619409e-06,5.8920299622579424e-06,5.5914084299164095e-06,5.988041875626998e-06,6.275707437469086e-06,6.740062213860767e-06,5.554621260671701e-06,7.021086159587805e-06,4.714962035579418e-06,6.256778092202848e-06,5.714410140535516e-06,5.41697057673619e-06,6.696223921504413e-06,6.577986678336996e-06,7.400351900433654e-06,6.498706696810382e-06,6.260488315629765e-06,5.274385210760313e-06,5.919545465793121e-06,4.827446323093636e-06,7.109024530498796e-06,7.2589890469038025e-06,0.0006335872445375388,0.17190765988149243,0.5371616562997603,29.696459158466947
scale_2,31.36966844714554,4.86039944920638,0.016763094796893082,0.006133012025944044,2.2034523408761245e-05,5.369244081416226e-06,5.4363895900818165e-06,4.485020223198704e-06,5.456878998966176e-06,5.570201509581037e-06,6.667016350730046e-06,7.150356748139303e-06,6.819490714926858e-06,5.459031788409158e-06,5.487185630981545e-06,5.943325902811184e-06,5.962893091725607e-06,5.654988562205013e-06,6.563055677110383e-06,5.209561716306829e-06,5.515214144812162e-06,5.013265674094636e-06,5.5474065732789056e-06,5.644683528235851e-06,5.7397379079591105e-06,6.893261119331936e-06,6.593470296149067e-06,7.54622015226395e-06,5.4973555556179655e-06,5.86516662172562e-06,4.459495818916825e-06,5.279764780367213e-06,5.051526541780381e-06,6.069476104982472e-06,5.284619158714716e-06,4.924116679597382e-06,6.0777876528114425e-06,5.938258821480442e-06,5.925514576001931e-06,6.205933900861468e-06,6.4154970408470415e-06,5.560543813786238e-06,6.820344681835081e-06,4.499198815565991e-06,5.97727877439969e-06,5.891660531445394e-06,5.821216668837556e-06,7.0364493573975484e-06,7.3194961165607424e-06,7.222361069072432e-06,6.228271094677432e-06,5.9829563180621725e-06,5.47697752799154e-06,5.901915175556279e-06,5.502053326219241e-06,7.674114296556377e-06,0.0003836428840722903,0.15358751461040956,1.103466258560196,3.3854662270582674
scale_3,3.34951878224894,12.146072737767156,2.149953207111145,0.0434674304307785,1.3694568998358192e-05,3.895700259659507e-06,3.157336841475577e-06,3.2533714355852137e-06,2.95303393000884e-06,3.89756928630648e-06,3.5845921207568084e-06,4.165686608693833e-06,4.212080942200504e-06,4.023364182879941e-06,3.3104710728108426e-06,3.307916191426443e-06,4.023333527258296e-06,3.6427415244754097e-06,3.4300814633090207e-06,3.878649652553067e-06,3.089698978805611e-06,3.304752959178626e-06,3.1408155495566875e-06,3.5694662909500552e-06,3.672581605353223e-06,4.068239929294275e-06,4.189043432639589e-06,4.00418610819024e-06,4.456562109272155e-06,2.901830710722921e-06,3.5394365308618388e-06,2.745138727882548e-06,3.54165560794371e-06,3.2427915615695753e-06,3.738540003603132e-06,3.081291964596362e-06,2.9912108628670056e-06,3.854866003263747e-06,3.967938905646169e-06,3.6320073550109596e-06,4.0311470538688395e-06,3.4740957203991406e-06,3.6368071403355726e-06,4.001563612922302e-06,2.809048854582271e-06,3.898124885574361e-06,3.819862105311831e-06,4.238445938266862e-06,4.373279532128174e-06,4.789764401623888e-06,4.113388076055199e-06,3.996092258539597e-06,3.246042818946919e-06,3.837267335465921e-06,3.818017367785116e-06,3.873628716584217e-06,0.0007475651765632189,0.1411360373173415,2.4001977850200413,2.92542379112981
scale_4,1.2558188666050058e-05,0.760972516204539,0.18232389098842755,0.007113645935991082,6.291762327274934e-05,1.8012035096524173e-06,1.737317126407578e-06,1.7375215169800324e-06,2.048498563244921e-06,2.5702777746239967e-06,2.2408154398347793e-06,2.0179497813007507e-06,1.9842959318170115e-06,2.0469884949747825e-06,1.9334799552844942e-06,1.901750790656881e-06,2.2806573833914687e-06,2.002837554411133e-06,1.8586834453393007e-06,1.8479750902151383e-06,1.8268335054131207e-06,1.9140958699491794e-06,1.876179556958367e-06,2.153999810500964e-06,2.2479035592151726e-06,2.488754835807695e-06,2.069180411858052e-06,1.9887111652880537e-06,1.938775062701668e-06,1.6528923810090604e-06,1.901394651721547e-06,1.93777204893392e-06,2.0088134638312468e-06,1.8989347062391856e-06,2.169298084118665e-06,1.8741019521072215e-06,1.7490905442790365e-06,2.0652373053200335e-06,2.2381606260501657e-06,2.0377514100378013e-06,2.2729840589605647e-06,1.608375918074504e-06,2.0448847429898427e-06,2.1624463909701875e-06,1.908546214353514e-06,2.429706203181474e-06,2.5337362937374686e-06,2.5845323340310185e-06,2.292463854466766e-06,2.4687856093899263e-06,2.1591871614355434e-06,2.0948367019934967e-06,1.9945334632282365e-06,2.3749578079256402e-06,9.439086266401992e-06,0.0027664433812550127,0.1792883251549865,2.778211528012652,9.661711296967148,5.553240051206222
scale_5,13.306180243104059,3.203807917391656,0.1924151969441,0.005004947205002695,1.4012007342958736e-05,2.561130105182776e-06,2.4099444888280543e-06,2.44053269880782e-06,2.5597676384148363e-06,3.287273663640174e-06,3.7888456580375145e-06,3.267087329517058e-06,2.5938865624653273e-06,2.5962308314258195e-06,2.865009705204161e-06,2.70662011123525e-06,2.7771204517814885e-06,3.1293882442540936e-06,2.8496050449976632e-06,2.684947405372103e-06,2.734887521221924e-06,2.9071282247582906e-06,2.8947471095049978e-06,2.883793048341476e-06,3.1155395627578254e-06,3.384542756448375e-06,3.407017471308282e-06,2.7744751429262633e-06,2.663071191687758e-06,2.5683988297531865e-06,2.616696044880784e-06,2.8134500607984674e-06,2.9510362518095213e-06,2.838021283140973e-06,3.0822031184864646e-06,3.5687681551110285e-06,3.09881765267988e-06,2.588412417113464e-06,2.768582628948967e-06,2.96163705393029e-06,3.1448572973411465e-06,3.011018964708532e-06,2.388316797327977e-06,2.90355853387787e-06,3.161085593303467e-06,3.1420271719248907e-06,3.5778661660736274e-06,3.745898446291746e-06,3.46505865418355e-06,3.2072441129623348e-06,3.011926844512024e-06,3.1339969056750773e-06,3.092737924173752e-06,3.192360482075903e-06,7.749476369435858e-05,0.007046659888306951,0.23440208438799742,2.9212259978567623,13.05991360579148,23.56268351270273
scale_6,29.95891845544194,12.842014765011378,2.0915947859228674,0.16092084689851388,0.005383606798853211,7.299166319424338e-05,3.8051296117674688e-06,3.29944773701826e-06,3.34656574733235e-06,3.876429005791828e-06,4.991219144948255e-06,4.982020131576882e-06,3.971817416369658e-06,3.4416519795529715e-06,3.747671347041152e-06,3.822592765649476e-06,3.6542559243805233e-06,4.0704720964106295e-06,4.1911424832513406e-06,3.7971946672932196e-06,3.757638787201258e-06,3.9218582450615206e-06,4.061129805900877e-06,3.947097318890788e-06,4.07901777517895e-06,4.437204863927566e-06,4.7500754379733885e-06,4.292402672432694e-06,3.6697873385057e-06,3.658394806223811e-06,3.54224976843253e-06,3.720734778846088e-06,3.942951056394501e-06,3.981924528457611e-06,4.072455437280643e-06,4.763043827193412e-06,4.780018744022574e-06,3.848518444957266e-06,3.524116353430933e-06,3.916299597205646e-06,4.2019974760971855e-06,4.366685902704129e-06,3.652723658162821e-06,3.5200701655652014e-06,4.262857666228162e-06,4.276060840631505e-06,4.568789106511347e-06,5.125486851456022e-06,4.991743177530616e-06,4.52971601601882e-06,4.09515052541015e-06,4.290079656925423e-06,4.339250024826712e-06,4.260957164822973e-06,6.311685308917157e-05,0.004276877561578796,0.14595371714547073,2.1111946616828847,11.271481421732394,28.779795736271005
scale_7,35.51529893901585,18.262626100218654,3.5355837886951678,0.2682816021467133,0.007424575101823861,5.816384316057597e-05,4.4415388994575015e-06,4.406211806231597e-06,4.538737727750927e-06,4.6933406367363775e-06,6.091907228494271e-06,6.657178682607248e-06,5.4430561566083876e-06,4.421465264024114e-06,4.818983406646553e-06,5.161345684529103e-06,4.651101269973515e-06,5.116477777454577e-06,5.4112308500208496e-06,4.809118324630202e-06,4.686655339339919e-06,4.895925329054804e-06,5.225048525699972e-06,5.1746811284322984e-06,5.277077310331299e-06,5.485446738883419e-06,6.090193465925442e-06,5.689401292472017e-06,4.626674549702898e-06,4.688293293247297e-06,4.582528159314728e-06,4.830497336253557e-06,5.118093938935807e-06,5.175102123842506e-06,4.763160431861632e-06,5.62192778600425e-06,6.346587032922975e-06,5.389024639259529e-06,4.650111781558216e-06,4.958488171530254e-06,5.104866181377744e-06,5.738060614779175e-06,4.991756454797639e-06,4.307396579787069e-06,5.4741605408943605e-06,5.630508804848845e-06,6.0238221210735935e-06,6.583599990768391e-06,6.722878010954579e-06,6.000887471837141e-06,5.176725612652485e-06,5.356490961515549e-06,6.55214605919287e-06,4.6628773918450336e-05,0.0016630132275505765,0.02055084458231083,0.08620036166024043,0.05524155679489431,5.4839819589964,27.487275579537723
scale_8,34.948630982422,20.50014092563122,3.5225122938354323,0.13954722302896747,0.00043358649510694065,0.0005921731457881334,4.628151648791403e-05,7.4283804044416256e-06,7.410707338495742e-06,6.758528632405326e-06,7.815169913515407e-06,9.302477969355138e-06,8.383861067401257e-06,6.7522058742611075e-06,6.774116791412358e-06,7.80772323206943e-06,7.05725404293988e-06,7.003681229305928e-06,7.728520195594582e-06,6.817978612781809e-06,6.547505606106519e-06,6.628815230919793e-06,7.364188687506393e-06,7.675000064914432e-06,7.710018205919713e-06,7.64655168213778e-06,8.170286229932329e-06,8.405313000330322e-06,6.540649871665633e-06,6.8020921511533355e-06,6.70153379067002e-06,6.988945822288477e-06,7.288636563113901e-06,7.868440239292622e-06,6.477263317133436e-06,6.6053037133084304e-06,8.503540216522306e-06,8.332293666702036e-06,7.086665614296434e-06,7.368335708253323e-06,6.834467119396119e-06,7.77863143805927e-06,8.129545718829326e-06,6.046250596364059e-06,7.84757954140981e-06,8.76783664124054e-06,8.738939653149901e-06,9.24218398547563e-06,9.836589270129007e-06,9.132255854125855e-06,7.523807587368811e-06,7.750209105169315e-06,8.040655315260167e-06,8.473582092846371e-05,0.00992635049273709,0.26004711776657063,2.186578997322724,5.15773087212055,0.21046089948307095,10.629422831411938
scale_9,5.46469693053056e-06,21.906747910856648,21.305753554282518,3.5866047173460887,0.02874810574874932,0.024019362348369048,0.004675650096701246,0.00016575687183598104,1.1939325593691997e-05,1.3557095473761129e-05,1.3056320077706481e-05,1.207282428176441e-05,1.3766736219162389e-05,1.3929391148270779e-05,1.2089386981738313e-05,1.1050530826920284e-05,1.306722274916056e-05,1.2911393846442705e-05,1.1180937876245155e-05,1.2397598142097067e-05,1.1269380255600579e-05,1.1007864636021162e-05,1.0954458347701658e-05,1.185761012868938e-05,1.3044447581756802e-05,1.3626123309896077e-05,1.3409801501757638e-05,1.2245913189555236e-05,1.3865296139039516e-05,1.0849069853706104e-05,1.105686863265029e-05,1.1442532227834343e-05,1.184627911479462e-05,1.1622039071584355e-05,1.3004178885540064e-05,1.1887789044647989e-05,9.615592482489933e-06,1.2131200230041999e-05,1.3885877291497057e-05,1.2512556962221946e-05,1.275796057978326e-05,1.1765675328847658e-05,1.0937458646557592e-05,1.4479907013017595e-05,1.1195001148060075e-05,1.2608284973530735e-05,1.5174901923936102e-05,1.5244668151572433e-05,1.49974695653719e-05,1.5602423072309462e-05,1.5077686420471586e-05,1.300484814696258e-05,1.4353248324577142e-05,0.00016318447267095473,0.004726576503919848,0.02382094925064015,0.028805843894372678,3.5923336123424394,21.325121566297117,21.933542499341257
scale_10,20.724740516783164,3.9996502779124494,17.477431970531185,4.110192415334343,0.011033452657728128,0.07457263924889392,0.00963121094993163,0.0001497659101405969,1.8008314154820716e-05,1.9126503625115565e-05,2.3025797277479324e-05,2.0005178520560567e-05,1.9310834046448744e-05,1.9907360067211982e-05,2.0103272751713936e-05,1.8201734313997264e-05,1.8562136819791756e-05,2.1469613128335047e-05,1.761533370865551e-05,1.7860997660365767e-05,1.7502127664528278e-05,1.7047981295453472e-05,1.808226974523947e-05,1.8289148695562943e-05,2.0651375651432215e-05,2.1114275032649238e-05,2.3312161010339748e-05,1.8409311386960673e-05,2.008201510996407e-05,1.8084977992711366e-05,1.6310631753911772e-05,1.7913607461896366e-05,1.8593787751765846e-05,1.754552551678465e-05,1.665165290039192e-05,2.0063835287909987e-05,1.6520766232903367e-05,1.6898165548115418e-05,1.9990403384511585e-05,2.0393315703215587e-05,1.8753456471579985e-05,2.1741259774705986e-05,1.4776865883442513e-05,2.0748786512911594e-05,2.035568515537464e-05,1.8594427977209802e-05,2.335190835042447e-05,2.4105872620718797e-05,2.4426590761948644e-05,2.2121662403953456e-05,2.2279956427431073e-05,2.2278609063496024e-05,0.00012625217462974145,0.0012479992095651483,0.0008875745938566959,0.34384164493005304,2.549369363939565,1.07339932277838,13.231738240543887,59.39304370680792
scale_11,62.743089507854584,3.607022276108051,9.719518629052907,4.817388396841011,0.03360985228558607,0.09865551991381397,0.012199540870171686,3.2379825471345625e-05,6.198608164591068e-05,2.4689323440774865e-05,3.0413874789710246e-05,3.03029277320502e-05,2.7887428635668723e-05,2.63950436359334e-05,2.6741048739745635e-05,2.902738827634029e-05,2.5134764572920024e-05,2.768555531232072e-05,2.7503262915017137e-05,2.2885479681972977e-05,2.5435959174793424e-05,2.3227074760166282e-05,2.6879861332068703e-05,2.7007371862139996e-05,3.0197837870049863e-05,2.9496081354069044e-05,3.130958040748043e-05,3.0980198915312104e-05,2.3602811474350916e-05,2.8485559921297853e-05,2.2039049048232615e-05,2.552311080684302e-05,2.2968809953987222e-05,2.739396098154692e-05,2.027361496864191e-05,2.4439146067129255e-05,2.6134847549777608e-05,2.6051849546404092e-05,2.540190141104309e-05,3.096152040585762e-05,2.4371718026781957e-05,2.985765094539172e-05,2.7659000925500206e-05,2.1766759059372725e-05,3.163407097276494e-05,2.6845002445647866e-05,3.2074470158184654e-05,3.127484447152898e-05,3.510916643246515e-05,3.090648873556764e-05,3.074603321605346e-05,0.00014272007863725357,0.0007829626523153316,0.007721565065838813,0.3068268672522154,0.44018105789542755,2.207194477571401,24.873843590860716,6.768871535394218,27.33661623728349
scale_12,6.701282704076039,42.66173723282028,24.29576366306881,1.2515634181188064,4.3001008231407045,0.14774244076480483,0.08706766777757967,0.013605521701754704,5.3234718988109866e-05,0.00013269754755233418,4.267296622725795e-05,3.8848424574291365e-05,4.122309807721101e-05,3.887733143228036e-05,3.8742186487721766e-05,3.673042628405164e-05,3.803104062703818e-05,4.0501658185824166e-05,3.420511444070668e-05,3.811106366038016e-05,3.353622754979617e-05,3.445030522468937e-05,3.602315579219439e-05,3.657342559147304e-05,4.214248380879514e-05,4.04773328846345e-05,4.813042447454645e-05,3.750653927706059e-05,4.571250050152812e-05,3.387754417996319e-05,3.589226803283719e-05,3.1846828082178227e-05,3.449086574807856e-05,3.153164795640864e-05,3.2625277272282066e-05,3.605225835847967e-05,3.1266568802858555e-05,3.75813578030629e-05,3.8665974022654805e-05,4.1062268636660396e-05,3.685867491255356e-05,4.573536260535461e-05,2.953306411229136e-05,4.4543951580681674e-05,3.284220702996944e-05,3.8433189869323907e-05,4.149158519130393e-05,4.1797753824557294e-05,4.56044683124743e-05,4.3157001524634735e-05,4.48696405835194e-05,0.00022103858407252196,0.00153902840970282,0.008348959099254701,0.2821526983984724,0.0636729608652291,4.799366451399565,12.421031184159713,5.851569915200286,69.28203625857856
scale_13,73.18884502150154,5.6262034784530715e-05,27.565476749232065,1.5230179246499842,2.4596984361081122,0.3649836578069917,0.04447625110195486,0.014320855390916234,0.00011281916585634119,0.00016560148222050339,5.425058763461843e-05,4.9320868153824785e-05,4.949242084907971e-05,4.876285003212209e-05,4.552723342574649e-05,4.979739542511582e-05,4.575675905705934e-05,4.62148939953109e-05,4.8303238815658473e-05,4.048946289448362e-05,4.726466578645265e-05,4.135856508773047e-05,4.778035438517213e-05,4.7900914312847796e-05,5.1731360556041495e-05,5.544633440222354e-05,4.997691315512866e-05,5.8485894106535554e-05,3.944227115119514e-05,5.269188167746516e-05,3.264378545942179e-05,4.706951719608514e-05,3.244099185173527e-05,4.748864435533771e-05,3.6744684502056815e-05,4.653130781440524e-05,4.443014238138575e-05,5.087620367454632e-05,4.728879998020078e-05,5.476008293463324e-05,4.8217717544674376e-05,4.754367594436782e-05,5.161893003887325e-05,3.821038254002711e-05,5.350890451874501e-05,4.1281849109317106e-05,5.487514335816571e-05,4.748523252767091e-05,5.9523981884834174e-05,6.318019578623576e-05,0.00023582597063721153,0.00559151377687742,0.002390379835261598,0.35863147591248956,0.0687899587075417,5.555563070080228,5.938037361941043,19.322554088919283,46.13653742740581,11.107288736306574
scale_14,47.06684947061097,26.605572954679147,28.339592031253886,6.404738957451342,5.8339222098772945,0.3844808882217096,0.4630570701605817,0.01003788849586095,0.014024187706368959,8.437403129708778e-05,0.00021098280965818232,6.321080621690675e-05,6.581589575898139e-05,6.330971922960849e-05,5.915900687582255e-05,6.358658904786006e-05,5.900968861111651e-05,6.0440102527885295e-05,6.149463792693907e-05,5.5412160575664694e-05,6.121980962023263e-05,5.414975594060601e-05,6.130768478436021e-05,5.789105421258986e-05,6.611162838275751e-05,6.477844172964384e-05,6.760718706427674e-05,6.775180272639865e-05,5.708767450571443e-05,6.264943035051366e-05,4.558596439351249e-05,5.707148270366623e-05,4.375225307749287e-05,5.878684493913448e-05,4.795606173147905e-05,6.459583318233309e-05,5.4195861356746724e-05,7.111939285771189e-05,5.743658342621964e-05,7.585168966959951e-05,5.523102277871674e-05,7.247182198614094e-05,5.52620548880383e-05,6.044156357821704e-05,6.122781351156862e-05,5.4198547184423164e-05,6.838275401725466e-05,5.686654242557688e-05,7.277147970881735e-05,0.00020764066321741633,0.00014401165100243887,0.014167744556594173,0.010024963364619926,0.4689146828208264,0.5551349671237928,5.8419777814145135,6.413646207988647,26.11849166283069,32.237151938868266,47.12468392513206
scale_15,30.45906304502293,59.90709709822037,10.14708415705058,25.677794194919638,1.7761451710488665,4.181989759630256,0.08619856036030733,0.32190488160955344,0.0012887455186371562,0.010875168666614884,7.841527218401494e-05,0.00022252511243009995,7.555712562747698e-05,7.796599384598945e-05,6.941667211967757e-05,7.404432172570925e-05,7.175795607108771e-05,6.767864691722165e-05,7.562213249851527e-05,6.564363620916252e-05,7.228827896513739e-05,6.671108688914461e-05,6.929515815707105e-05,6.794278822419457e-05,7.295867954134625e-05,7.248945378172651e-05,7.626071904318988e-05,7.513595173811709e-05,6.907630310152106e-05,6.917761569400528e-05,5.985939960866615e-05,6.19219049864686e-05,5.871321661204031e-05,6.368355307592378e-05,6.212454840937457e-05,7.31194337987158e-05,6.578000323335426e-05,8.254688408980377e-05,6.633798840992511e-05,8.76592683235084e-05,6.388200760494037e-05,8.546841836747108e-05,6.343372766649677e-05,7.487625779481951e-05,6.820914008540326e-05,6.78179179422518e-05,7.558023741707839e-05,6.734960165920006e-05,0.00014933614636249503,0.0001877262912858364,0.00648562858138252,0.008634914073672166,0.19037278326591514,0.29198222617450953,2.459354386716751,4.222216385778889,13.238481348337256,22.542187571374456,34.81817591747951,57.5581854860107
scale_16,32.89607024519061,71.01662134566415,3.0885521727669776,36.51674048346242,0.0836034719267348,7.0698001532096875,0.44873642801862884,0.536808412587782,0.09457149799655426,0.015004867352295503,0.004938415148548865,0.0002044401605170399,0.0002055616137717163,9.186257758475476e-05,7.903622896067683e-05,8.824256180739162e-05,8.459767157867345e-05,7.560950301065459e-05,9.24012420240254e-05,7.370463017407698e-05,8.469887805767553e-05,7.90420052341561e-05,7.739811868622688e-05,8.077344403158182e-05,7.996170774070758e-05,8.420983950787394e-05,8.246469135970107e-05,8.768844592502483e-05,7.596892412977501e-05,8.294354522305543e-05,7.122191010568373e-05,7.423335959702098e-05,7.440795029086087e-05,7.356014740851888e-05,7.747457190992179e-05,8.175150469650716e-05,7.940005061541054e-05,9.0114281037208e-05,7.804190004691693e-05,9.618230912428847e-05,7.414528167162244e-05,9.547133945404103e-05,7.576405799403698e-05,8.383432597393994e-05,8.125264743965476e-05,8.008672238314624e-05,8.500524488671642e-05,0.00015735827303398826,0.00028478508344587675,0.0033482671408559795,0.017566640751656648,0.04106349230514542,0.5468406039787598,0.17241681290014507,6.552643783814899,0.11052389349488635,30.31089284774698,10.967766621404785,58.129075925024665,54.97356523590198
scale_17,59.293291743602865,69.88195830462006,3.3349409589093457,40.98851101665949,1.8394590894536724,7.042924875628738,2.4056868065343773,0.27932353534328513,0.3754862478449092,0.0009288033675997633,0.01941534677506616,0.0012434442556900425,0.00037776966722480185,0.00017640390016980623,8.45027860917922e-05,0.00010824035431231689,8.751464233519822e-05,8.792097230324695e-05,0.00010469889034499857,7.757967000455014e-05,9.719977143898842e-05,8.724579801093292e-05,8.48351676287378e-05,9.223097888313119e-05,8.683414875205728e-05,9.392825158081903e-05,9.035211575164135e-05,9.744370322923023e-05,8.351286030482221e-05,9.940360623445714e-05,7.989162032448119e-05,9.295507812280522e-05,8.804901750458598e-05,8.540870490333596e-05,9.159124683240621e-05,8.905050844284346e-05,9.308974440394006e-05,9.114365621665693e-05,9.281192969043191e-05,9.676542820015223e-05,8.458302253125319e-05,0.00010283589263480231,8.365732203822056e-05,9.287997519105404e-05,9.532889726220194e-05,8.565025493793649e-05,0.00022387486813959224,0.0002391289061307306,0.004454407487301763,0.019802512452587146,0.020664992971683706,0.5197011319750923,0.018864503620927644,4.373012985382499,4.925806215756875,10.315372847283072,41.577404988496006,0.42092326244481304,93.51281617461686,21.25876943124096
scale_18,3.830105770406953e-05,99.76782167697266,43.80340005228639,12.779962283695724,42.596962076342614,1.9873060451448954,7.1695240873518085,3.6140429998941643,0.05755178435753704,0.590053296555463,0.04799387739412967,0.017443775551713413,0.009386286047738692,0.00012535514156764382,0.00040568518334855143,0.00012992568497101405,0.00012611964286518904,8.563164692009412e-05,0.00011463450443955457,0.00010578424584795429,8.706182868947907e-05,0.00011173308714340847,9.24419951032679e-05,9.842647358245993e-05,0.00010335477395107335,9.926277884824286e-05,0.000104202701476446,0.00010771457102218954,0.00010326316401991189,0.00010335365338447293,0.00011014256698901602,9.408231207854222e-05,0.00011289503924553016,9.895661444455922e-05,0.00010058975076378783,0.00010474821080311464,0.0001013213397862258,0.0001031551731830385,9.782706234173225e-05,0.0001111895835126466,9.446059897885058e-05,0.00010370272054508339,0.00011000839661781195,9.178973417534435e-05,0.0001089606498955528,0.00011979454601525341,0.0003736757230150081,0.00010820446863598556,0.009517851691362654,0.01761799596043219,0.04791892724583635,0.5907530381366048,0.05749982209474118,3.6219552139092213,7.184332616566345,1.9882169556589953,42.6499144647488,12.79496983980709,43.86563053139965,99.9063410722873
scale_19,41.44025658749058,113.41391507283373,7.998911289517961,34.64353019423422,34.94338001286745,0.4824359857804582,8.215133161109893,3.9041533528755914,0.022046900550252477,0.6798192217044023,0.14912133352791032,0.006190601822335469,0.019328804758801478,0.0014658998860914447,0.00036863498062717317,0.00032494966687178706,0.0001090667222767533,0.00010454989087223134,0.00013295595973111826,9.423816124598972e-05,0.00011012560073821653,0.00011702382039901228,9.95873056058287e-05,0.0001147473208956112,0.00011186023967609774,0.00011112602680777901,0.00012137433833831737,0.00011667396475450638,0.00011346700989128678,0.00012368958643045193,0.00011059727167251506,0.00011780971383563482,0.0001230192435032528,0.00010693183552536475,0.00011430217287173584,0.00011755868267629584,0.00011080877429731881,0.00010615998020787252,0.00011998030585162776,0.00011037062561947927,0.00010129665843998469,0.00012764686487875203,0.00010636609120076697,0.00011213679193267991,0.00034857464145970375,0.0002665651915963899,0.0026486423167545676,0.02199845566803156,0.0017946711509642449,0.21933975997488395,0.6882322782736674,0.005986971346423409,5.100705523342998,7.178790672883331,2.147069839055825,41.1514909126653,26.464020981391126,18.00103037704213,118.78385141002975,24.799057948754868
scale_20,19.0131437979984,125.46273546104136,51.10251303668836,7.209345002933901,53.49573687599558,19.436981617846065,1.0842319386918244,9.629525327429077,3.0328464688368775,0.06704009360409044,0.7345165039542375,0.19732582204787866,0.0018951297342676978,0.02442561428163527,0.005536195455865705,0.00016427019808657687,0.00046671615787145196,0.0001699132192585196,0.0001452854268431374,0.00012003896364069155,0.00011107594541574468,0.0001361384692004387,0.00011773881036999098,0.00012121655967910536,0.00012844252816433864,0.0001238033521452488,0.00013292116229509816,0.00013164157019712917,0.00012688720720260892,0.0001361730307933576,0.00012568960004337941,0.00012721980209058587,0.00014082524748025018,0.00012345027807108086,0.00012220942603451707,0.00013573550392451992,0.00012454120359741604,0.0001145432483374308,0.0001350371073977435,0.00012683689703735232,0.00011152599853138087,0.00013898596577322628,0.0001347196628999717,0.00036004933387693514,0.00036591132643259896,0.0016288272929184315,0.019599142261897188,0.01567879162625884,0.0558447855479043,0.6149394140816316,0.42961155163750636,0.8805113041500436,8.481546269631302,4.416359479685337,5.534958751495309,49.74919966708987,23.94003233644002,13.536372213667313,122.65805231117119,54.67327587095572
scale_21,13.396346084290528,131.34835954692173,85.31986630782517,0.00015160422674431487,48.57527254696138,44.499989256808014,2.5052037149228212,6.689619865797636,8.597834566431205,1.2986324257883148,0.2949312116012297,0.7443873344320829,0.17432245455234477,0.00204575827491715,0.02718808894139582,0.00878435650029642,0.00018626550678638228,0.0005372751716943769,0.0003436655107609501,0.0001473110187794694,0.00013003218716957943,0.0001543220936121866,0.0001434982733019123,0.00013563761181748925,0.0001426379559974832,0.00014133334888374757,0.00014502075726831329,0.0001437673272218372,0.00014281390458968817,0.00014682222484997307,0.0001371574110467521,0.00014207359180569342,0.00015488492585984264,0.00013689263511967585,0.00013396398804992548,0.00015318451665840101,0.00013645370845055243,0.00012525788060634458,0.00015232767165297283,0.00014436145423115364,0.000119994590891188,0.00020281799740501542,0.0005023001132183299,0.0002213183601035258,0.003063158272267238,0.022825159326945968,0.016945988161934933,0.042224412382622804,0.5645064451566179,0.6754041522774574,0.12681053789502003,5.948233438514435,9.601748229380222,0.16278393054466214,24.838119625491387,57.84360903749948,11.705126458741285,36.660892149054824,138.55876625242803,59.04923072381825
scale_22,31.193879490948206,146.35959059366638,81.28475234763982,0.00016841636273488863,43.65020939121829,55.12757904961673,8.958961670427323,3.04292239594524,11.235633656811212,4.920693650556046,0.05029851554807579,0.7294097257640035,0.6658403230120098,0.0891930855447079,0.007898807585329648,0.028724868309777538,0.009488576432593675,0.0002715557280752783,0.0005597762592525191,0.00037097822633733185,0.00014840165573665675,0.000154794830594651,0.0001544197205583319,0.00014245220178915063,0.00014465504883968391,0.00014599229101934966,0.00014576416772375266,0.0001457317816093017,0.00014674188370130388,0.0001408768199578886,0.00013642804161890606,0.00015090173127384622,0.0001513876962052508,0.00013334740154564252,0.00014171432407606205,0.00015412972501730205,0.00013173032656543427,0.00013746152848668927,0.0001544145853703332,0.00015807370131080042,0.0003699297557726183,0.0004976459342044486,0.0004255979666913169,0.01108965340455288,0.029516094857702332,0.00485843001167141,0.11684217697300123,0.7164931476235809,0.6626765226848855,0.1369397350019045,5.6664701395935735,11.110195374859451,2.0969516419369527,11.870412542384221,58.02762461837543,38.644869395759,0.6183965494224359,92.26342524714025,142.05092223497232,22.21452862271878
scale_23,7.648738509517522e-05,94.11553867423896,158.77459461277044,53.22053733970432,2.4219980338869393,56.66708232481072,55.93963145713422,12.814829582956568,1.3670768829345603,11.665601204222686,7.746590541680052,0.7698086078374818,0.34465998549808324,0.9250590905643853,0.35206345850151943,0.01999264961011741,0.01972109594899845,0.028290565323410337,0.007027269814782467,0.00021495061377753582,0.0005548044069568653,0.00041323509128514277,0.00019003120710430984,0.00015757444632333247,0.00015248921607209228,0.00015101192587619924,0.00015208757258657721,0.00015552800058302087,0.00015661847066125313,0.00014790271568367063,0.00013995202790804452,0.00015021846876107022,0.00016087105412049613,0.00014846375937124567,0.00014448491061406197,0.00015884081813417737,0.0001517533399881677,0.00013952285373004388,0.00020113523772417188,0.00045842218577899,0.0005033434092951603,0.0003096363946314212,0.008597084065627461,0.02830659834834219,0.019645659040009363,0.020057734761829142,0.41002194824768956,0.9369239571749127,0.24759478100239868,1.108817000447551,8.558100777427738,11.67976809546808,1.3701281318662601,12.821700419381589,59.59240077504705,52.22965778620245,0.617708383043363,64.46577952436478,161.6265708291181,94.2430872159165
scale_24,60.9039206674896,170.73278804159418,119.82442673750624,11.758190676565565,20.28579310977512,71.1996584330582,51.36112341247941,5.095605022176686,3.5499413369630015,12.945564097582265,8.369142611036681,1.19668304494664,0.17172545812656234,0.9930167366498959,0.643000637928945,0.10341104697526429,0.0026390635770912295,0.03386909237577365,0.021935478557384282,0.0038566268402497918,0.00014141503802809428,0.0006247348951196188,0.0004258734560009799,0.0001843417447885976,0.00014146428899266161,0.00015319909730783843,0.0001642121332242025,0.0001636493070303947,0.0001481199575721945,0.00013734322707650772,0.00015012391674810627,0.0001665612233772111,0.0001636945364802241,0.0001580258164676081,0.00015546885479337573,0.00016289741516021082,0.00031670807798936173,0.0006466934968255393,0.0004209143098203232,0.0011327163170597235,0.01310505317289057,0.03370808031628756,0.017378902579948452,0.021660349476900615,0.38054801150451156,0.973728042542286,0.5836832294156739,0.16012328680642443,4.915568510117332,12.597975715019432,8.440241296977314,0.15501717551029437,26.469782382002844,72.25343710366265,45.07327086505413,0.0001788017427942576,69.63003959851602,171.69911843443006,115.10446191176545,4.336495656702559
scale_25,65.77882063790118,178.7387923810411,142.04601431880891,28.540534082655395,6.172520320437999,66.08954911841317,73.02602968516564,28.558634323132424,0.16721921140206458,7.818631289163294,14.144587544662604,7.132262132154513,0.8992780995013885,0.18531612800117592,1.0722969721230862,0.7669084491992428,0.18864774843620433,0.00018651417092180263,0.030177047313270377,0.03304639789214048,0.009995894636859527,0.0008231651150183956,0.0003653000592472307,0.000675376556338584,0.00035254134432950105,0.00017659911733333643,0.00017187192910333087,0.00017667273825644676,0.00015362907732763745,0.00014092916100186544,0.00016040916829206578,0.0001862341225503587,0.00017950568921815737,0.00016285806646853181,0.0003070490728552999,0.0006528564926423763,0.0006081879365240874,0.0003294457034574079,0.006615986622201463,0.026263187071455606,0.03532914378386461,0.002916609389037275,0.08174782236710051,0.621492474573627,1.0926747364773193,0.5166673174575765,0.34470793291389523,5.309711677775199,13.097998399997877,11.38706044989237,0.22043805686031226,14.961336341525662,60.60998802753201,74.27137977363692,21.926626711064245,7.118632904852267,116.25240318800142,189.46093250463204,109.93279827754748,1.1784705979181802
scale_26,5.047064818133394,118.59020876904047,202.9805874772502,139.79601084178168,21.47055954359021,6.6622295694673115,65.72377891449868,81.96875797846074,42.2988958740297,3.678817728949949,4.142185964723971,14.090017763008767,12.637733188998617,4.81546118561588,0.18660556017944033,0.5574955266475184,1.1774514738617956,0.7501074954485898,0.15898888597401528,0.0017532279993699846,0.02900152602503971,0.039195248762613114,0.017648233363554023,0.0025544276095892647,0.00013785583801597477,0.0006857362034853688,0.0006242180988119104,0.0003366562276710642,0.00018141230925726207,0.0001555666644401422,0.00016443302779035434,0.00017387966958599697,0.00022081229835392956,0.0004185354504206568,0.0007144001381604636,0.0004580091333840389,0.0005131210038494633,0.008640902805022669,0.027961701110351126,0.039329791030197486,0.006541309121783995,0.04098639317851421,0.44286209219175293,1.0368618768707354,0.9899557233729798,0.03748989270870461,1.398480542680829,8.741445514996169,15.29131316866496,9.842947479317411,0.0018216640175367982,20.63406686979186,65.46756349701579,83.13547027478451,37.98687974879018,0.8435700647321427,81.23620849816682,187.01725366592225,174.66482958237745,42.507905120332794
scale_27,7.732811437005497e-05,76.74247680073782,199.55455179051714,201.75224668030322,87.63725287787176,3.659414608488823,25.546603339342226,82.31490805979108,85.18775967592043,39.389720127887735,3.9742995612765086,3.074744533353584,14.343415558566202,15.263406621157136,7.232780955719153,1.0494107474638141,0.11459296167807836,1.0691349990800085,1.1785815498103802,0.5571117276088702,0.09530663282072238,0.0008709334290270709,0.03524811597541851,0.04053615551617098,0.018874889001222278,0.0036291118653532756,0.00018055570505427123,0.0006224939511356433,0.00071663545578304,0.00043360275764340575,0.00029851709826177154,0.0003971808638450924,0.0006296814793337507,0.0005434589722025516,0.00020932576423961244,0.003702302435116713,0.018698063891546136,0.03993742557270809,0.03459404600367126,0.0008145219942463441,0.09595209499788286,0.557711934679238,1.1782940345658743,1.0679473873387288,0.1139104435206664,1.0526776004223082,7.244143997683334,15.28150569373607,14.35708955550944,3.075917811307093,3.982089415479715,39.44438889136043,85.2958880966978,82.41467078592103,25.57600201404543,3.6645728603297645,87.74603828186959,201.99943435208033,199.79965384798095,76.8389949436162
scale_28,1.4814454216200854,82.88560442560751,215.5333447313326,226.867450523483,111.71421101582854,16.011410138734455,7.769843274557995,69.27122125418191,99.98423999135241,69.88387754026112,24.04285865166157,0.9645873181479293,6.466393069457977,16.434505879209937,15.682078385363743,7.8128716890221055,1.6298868432230142,0.04366356185443853,0.9269713401682106,1.3571988714516892,0.8740529951176434,0.29669674590192385,0.015850044665362356,0.012733992586515466,0.04653463805364106,0.039242564844427445,0.01742341528974776,0.0024355852498722974,0.0002678123236804336,0.002083414931420353,0.0027141976403308823,0.0014985534777120877,0.00027463916836331496,0.005063978597695736,0.024076373630660772,0.044533593265989505,0.04170244902432271,0.0034789082942441323,0.04885486460028725,0.44015612466685106,1.0567826660596604,1.3743463290881361,0.6489895819376145,0.012441525621918892,2.9383610091985877,10.208164830040994,17.152708443192587,14.348772137197622,3.322357623897465,4.30256397681905,36.043777381856785,82.31799201085533,96.99817602355988,52.91309330999998,0.9057125812647786,36.019854169736675,146.49434941321383,237.5797394709891,189.66353292862823,49.588833668730715
scale_29,38.02794423999717,149.41415203589455,250.96369400991568,223.307351938162,102.2405675664137,9.68042061985361,14.408327737742235,66.16514565343601,106.98268335374405,88.79188309112516,38.87404559294024,4.638874656337666,2.1688016399744616,14.017484605321181,19.26379358378815,14.7939830369694,6.071316452853534,0.7975757623105495,0.13260501689407517,1.1296340035476669,1.4616548622334191,1.038927492217801,0.39158088636216715,0.05256585456440247,0.00297396787479357,0.03500429038557559,0.03910217169041879,0.02293608634035218,0.007033037640345901,0.0019018772082396217,0.002670017047017843,0.010872386015788412,0.029904313138938234,0.04310474945784324,0.02725549817161306,0.00028588233907373274,0.11270525234886009,0.5599643582743796,1.2287335300738786,1.460317215053711,0.8566271295417279,0.0033145899122393077,1.766971433718086,8.461381535340582,16.975802497888047,18.55366409281812,8.828641690981467,0.299487569456112,11.08464664500615,53.385427413255435,99.529568401202,101.10267261783842,47.8742990651548,0.9788975006205273,27.089994813185047,139.57204396068533,245.3516938575579,233.09634132540177,109.34288308986669,6.372656290716885
scale_30,26.795480445840617,139.68109706258,262.7381338722444,264.66188334167794,170.6884007274238,41.9694361355687,0.0002733311395597589,32.187397009484414,97.13973895381744,116.3106777490309,89.00466307420069,34.75891247527419,5.011343586017057,1.1309232581814768,13.384529911029059,20.55786583161818,17.217748643959673,9.133783840004547,2.6105795881815523,0.014732341305980393,0.5875696929511955,1.460125190530124,1.516890284358126,0.9547876770753301,0.382504633356434,0.0460206110603471,0.002389099987865892,0.048613925416743115,0.09612768374543594,0.11524423449520568,0.11964900885389528,0.08580882336044934,0.037855889195223966,0.000794239854984439,0.1022648466426134,0.4616888112889546,1.1733195357898827,1.6166331339195112,1.3616571037058187,0.2733227310194357,0.2565266102429266,4.371902134900197,11.924610132012807,19.286840511344717,19.222445473319485,9.544218554246779,0.3248293479238384,11.966690612673288,49.70912141360427,96.04655080584976,115.72871547575913,80.94012802269152,23.410433024843076,4.613997632961193,73.34833897322204,190.49230507008863,277.1687731986504,237.7260023486416,118.10646900983514,6.8845838453378425
scale_31,1.8665077113385289,62.39805194105648,197.11774143195433,292.7724053433127,274.5702684630206,162.6173064099617,45.328005219563266,0.00028263605394828297,34.76989841465217,87.29546780882552,124.81917691381024,110.25743024411668,62.180652460368094,17.909157033273143,0.2641278779253807,6.1020718378428,18.087511462157693,22.496967023437005,18.569286245555066,9.800504206562106,2.754746635655198,0.08680451690772781,0.4991401956211013,1.5261221334779969,1.7688337419138174,1.2787999846247478,0.5329756189165606,0.07534530387380774,0.014263257095032766,0.13549123310019023,0.20067844508971455,0.11407517099192771,0.004167829206004827,0.12034112081109936,0.6448855103150936,1.3969163009676298,1.7784929390633968,1.3966022864373921,0.3289320689713485,0.2503705349334487,3.6343722614245473,11.29209080757963,19.783007171138454,22.25380114684961,14.510186108288975,4.208604948091591,1.2090041866464663,23.74000236809596,70.97899494585991,116.10038942266985,122.24825465309821,77.32272375804162,16.847931472661067,1.2366972804305705,61.32887502226048,184.56787598121736,286.2151616305486,284.1555319737659,174.5507784832987,44.43677262586258
scale_32,0.00010844286490161596,67.3954442000676,188.2625041076191,306.501043499076,317.61090303188615,221.93613848831976,106.47653824424117,21.787191722582296,4.837597539593679,48.65609198903297,113.29832467752759,136.03360988528004,111.82713730626544,67.12928064130526,25.62356063853769,1.3200737413865151,2.7056265800630808,15.477985129277029,23.100453435066047,22.159467591358215,15.280304518934088,6.220473173802234,1.5828045551742298,0.03482834434061709,0.4920301832420256,1.1370903969884083,1.2640771943020963,0.9007123360061037,0.41217123730683825,0.22133517788359566,0.15894152115789795,0.25017115986802924,0.5007756042023254,0.9829317031884536,1.282474868653846,1.1620063087175034,0.345842099461949,0.03112362479569056,2.2438454822261047,7.558740093857922,16.873907382284973,23.045609036147678,23.140530515421247,13.309736417844476,2.716849821337052,3.1538003726860184,25.64075053114681,76.61311231378258,119.16196792054922,134.9333213136773,104.46927438029867,48.738800105236,1.2369441756773998,21.797773435411553,128.94109134240577,243.86705534993013,323.3080102872737,293.6995775939964,188.52773860845707,47.99764985122861
scale_33,19.276077542358134,121.83148019052902,255.18442067776,341.541814233786,333.4874163490655,239.74509245092423,115.03840966793643,23.552195822782085,1.3255796747857507,40.54410407968669,101.84437010206156,142.50286384272525,140.80186720016334,103.07311798306114,53.255551527531445,10.383673972031179,0.0006811863262331522,6.98346220836961,19.120438203567307,26.335545955095597,25.19738330971099,18.06584490776467,9.557813116453788,3.2540189925998284,0.3548423356554055,0.1616851544259077,1.2911002908637452,2.616152254514336,3.575236491373757,4.025618795371884,3.975957230243879,3.4228028035894162,2.369572620138136,1.0209316660074297,0.049662217356821504,0.6791290821428617,4.250530344478241,11.17474923960606,19.76783118668431,26.061013972215807,25.57669270599798,16.8704324310085,4.790786518973673,0.34481786724475516,15.29592576452151,53.28450755267688,112.58194980993353,144.75165016687671,137.6551148174436,90.18103061328783,29.481862733481847,0.000309297156736572,36.86607254186068,139.30232089409142,263.4198335517367,343.47033654325924,331.47052346310977,230.2620355932415,96.496302740145,8.679188983608919
scale_34,20.831557666554367,131.6271694521699,275.68716351864964,357.64129567639463,370.59475200801404,284.19506371639244,177.30386828003438,57.02816136095251,1.5322421168981024,12.469170548565204,70.69116949340793,132.91365817817123,158.07727964310993,146.76593721545171,100.51583799951673,56.84313308084105,15.815239438651327,0.21595428663141342,3.862425675247117,17.488319882322465,28.899717524489866,31.1601372574279,25.499538060333613,14.81432877973036,6.507117354006869,0.8747171805568504,0.3903948334019911,2.973816849618058,6.543459192830788,8.662907874116776,7.865925435222129,5.086143676445532,1.3691283367378895,0.046575596961659936,2.575450418027327,10.560544151671607,21.234638631016463,28.757997468836905,30.95168119769191,25.284394361298748,11.633585630295478,0.6463092425003246,3.3380396558844345,29.531628976094613,78.34724367117298,121.6909174220714,156.90369503497035,149.39089840457723,110.73694037032863,44.164629630868774,1.4795983005837456,14.166021632133676,99.72031277723015,232.50446477708763,328.64981277458133,379.07192376045356,323.57978106036245,219.97839604143,78.77213269829583,2.3641440513329686
scale_35,10.116670733273198,112.41695306263068,237.153078148026,348.7526792382742,405.5393643151813,372.9388580842611,278.80413924796466,161.51775514150762,42.490744334744434,1.599350452967114,13.510258629869286,75.93647938883458,130.8233632490905,164.33534231190544,160.6060002816621,126.5682115464767,80.31023314539378,29.198611409942586,5.919759607415534,0.0884688960615015,8.940861419202957,19.15544991801872,25.207241139454474,23.89038085282868,16.680176703587573,8.717529192857205,2.760260107814804,0.018473542523142473,0.6366364520419283,1.7707708665830653,1.7693077330727054,0.6341942810016613,0.0190741462620419,2.7708303424532637,8.740484956705147,16.714627359694507,24.665594003108986,25.24700168583645,19.18500722040717,6.416041990068003,0.08869895165578588,5.926087846316409,37.76563607582661,80.40864797469477,126.72696991951234,160.80958917482883,164.55058402776467,131.00350815470745,76.04893576274037,13.536853340505026,1.5975277553511407,42.52212794839859,161.6798822054043,279.10952842179444,373.3705676428763,406.0883282733387,349.19798462199276,237.47891183417306,85.07650154011823,10.141301963316998
scale_36,0.00023510606101931144,42.3241318033002,152.91352691394263,288.68459101139985,397.74028818907556,440.02186476349823,402.26742369906367,301.3533361910898,175.39634748508806,67.23953404985951,7.775582975750166,5.901945240479299,48.371894220690066,108.27254115429184,157.44706119660634,177.24312712857295,163.57445492011396,125.3369215381053,78.15037881348907,36.94084743510899,10.614035736644256,0.46705506656949636,2.0218946050079416,8.590313647594432,14.5809322951861,17.225037028165115,16.493187852731324,13.879353677741845,11.05064002311222,9.080764203732498,8.398643606750733,9.090329990888247,11.070867609690822,13.910931612627154,16.534282568153372,17.269971514679828,14.620927336425613,8.616730185675667,2.0311325768910993,0.46504426302104007,10.617735811103108,36.97484231570112,78.23853511034952,125.49158471347218,163.7876705713427,177.48470711163606,157.6723118228474,108.43852325545687,48.45670162267608,5.918779394354526,7.774103547069623,67.29144182241225,175.56892314742672,301.68080396307823,402.7324449989199,440.55648601550365,398.2480042199999,289.07595846731743,153.14117074500334,42.40232836668345
scale_37,2.834648063531857,69.84253309499162,165.08041123117022,312.58288541115445,431.9414030042117,475.7954375357783,458.0094643960639,363.95775057318923,229.92454734405075,131.397054796764,35.44609469136339,0.10218447170116254,13.364251481028887,67.92587043378745,136.6461386185231,179.50983146509557,208.87583410491197,200.98184764717863,162.8257928304375,123.49632124162356,70.37428324942343,28.66218160358545,9.293156611362082,0.01701349581146001,6.023809130041943,16.85870892478375,34.65413521771082,51.61312994154265,64.35307479667894,70.01626475611162,71.73650528802749,66.67693450530382,58.70244763822528,43.54963412181202,25.626419449951612,12.883537886208337,1.480843455735377,2.4143113083214454,20.98047896672803,47.499745136550125,96.2912897632029,150.42140970293494,185.0299317377285,209.6760455061458,199.04175732935047,167.05158220635067,102.67177809432687,36.941018370701045,1.0947166759282738,9.706975913646467,76.7899560429445,195.86580274446925,299.3429456106688,419.1767256351079,478.36870711195377,467.02630921844224,379.5324372036929,239.2285522914074,98.56222840516112,25.907725440700105
scale_38,3.3490428323367247,77.40235328112058,182.21550990687663,305.02866576386054,449.06649058804555,514.46878148153,518.022276833115,460.16097852443227,363.58501850732796,211.64049664283738,107.64205728806671,19.26329055204109,0.05707761560770278,34.12890840957497,92.00532277646275,157.83582180146723,229.87369809691754,262.35042934916453,258.1369147393316,226.1159439888164,158.94542292705958,102.59314494657353,50.266192164558944,9.785932759048034,0.0855662891936886,15.67842406280042,47.634549014400164,88.46925341895148,119.28878660433887,144.7657538837016,147.2491145994882,132.93579589136579,99.49770503504719,59.078547369221965,23.76055026175002,4.148450986366228,3.3104495878016467,27.284860205336408,82.27528478826507,140.1290488197283,211.00409651580537,250.32702917021922,265.7929608260972,245.42295572498392,196.58721438858257,113.94242129314614,50.94112815884814,2.9732916475099858,8.157910608990575,55.39225347816563,174.28334241690723,288.6722150957676,431.7741458333877,504.5875960061773,525.2794810304267,477.15010801897836,383.0710166688545,223.09691931489223,109.02306303540581,13.134698406435756
scale_39,4.499872253668497,58.078719483257494,161.07853273922814,290.51913130621494,455.0875393874319,537.3767893620758,562.5110686544438,528.822142582595,443.6896552035045,326.31703368249555,165.17323327171763,67.86962453861358,10.893382253372863,2.2179468092396197,35.296985704626564,96.17606018430894,188.6213560392924,242.83174857028385,264.6690339389079,255.73303198102616,217.234713244379,159.519153894975,82.89848109091116,29.007858039174142,3.2741229003169354,2.9342446055599503,24.544416636147943,59.45128660377891,106.85847953534316,129.3008511230398,132.71491345798623,116.17325868329401,84.47346477763521,44.50507368973609,13.364261958383349,0.3863079665260776,17.695443991369366,59.12819599659342,117.41969088793219,187.47428126000418,239.76945101369742,265.6373771889873,252.35578806592065,208.10890858870127,143.09611394304497,73.42138496812775,19.83972602893639,2.8325215145880556,42.860213414840686,127.1368089001697,242.6789170942716,370.72083304396233,479.94639300620247,558.4179724340921,552.2879609013552,487.6726598941823,377.82944108732676,246.44941435627175,88.01614088605506,15.904106038493246
scale_40,5.017780953687584,35.88536293747281,127.857985675126,254.4072079120072,386.29865658489365,493.64093619989615,552.8591097614465,551.9570085022173,492.8291456483849,390.1119504099835,266.97940368080816,149.14868320748752,58.643272710699975,8.883931218806735,2.60567145020579,32.5822480468234,82.95202134093104,113.45841197332145,155.59455796990366,176.34592226118073,171.16021456865235,143.2654273174564,101.78168551451816,58.38509735577777,23.638964099021194,4.019112003602887,0.46439802299253125,8.783781383851759,21.6396311465379,37.24197685788398,40.7726527920186,33.87038219942715,19.81926241920002,5.085400307275406,0.03598061372623817,8.75183257324648,33.86011321301635,72.52156320126507,116.63860437311693,154.88169549150018,176.00078366619897,172.51348287008605,143.67688009849164,96.7048674046549,45.73070546553382,19.475474065209266,0.018644534576944993,20.305238496641728,84.82477817836458,186.55125930058813,309.04723452732776,428.39141609726926,518.9589749955383,559.796008709531,540.1679672306603,462.84847505027227,344.12789752794964,210.41376373970485,92.23091964080051,17.022470965340432
scale_41,0.08099986382876224,29.630453654485787,116.72928814365149,196.64124721366701,328.40815243099803,447.77311982577163,528.8965675981754,553.29996762347,541.3046670767789,476.6780778275672,372.19741711887553,298.2517978069951,184.86300261450668,91.15818829919355,45.949902472543684,7.401727141485279,1.0120053916133622,20.80718306358803,35.45796289398958,63.4568016276798,84.71155418668549,92.4175877460911,93.43568361059943,83.9394622667548,65.97933926657146,56.88526216142521,41.067266299945146,28.888592507779517,23.215095513999575,18.2287402934307,17.040450650009483,12.08574286786648,23.266565839447857,32.558805882095385,46.1569133317519,53.37454457263731,74.1264699190981,88.28608928698131,94.70406542938763,92.6817810561639,79.01799595240854,54.64853990698584,40.00474497646928,10.308445073413807,0.03353663114110919,16.37746565445163,45.96649713104604,119.38416445395346,221.54156539323648,294.4613329449483,412.4475947561327,503.9028613062562,552.3959401860595,554.0541142953504,508.0645647087613,411.7217689620031,332.3267959411558,196.97408472643653,82.56509693681298,12.708684505793604
scale_42,2.0404814745348263,20.441600179530404,104.7663963318875,185.8903633382406,329.5033768316756,425.52389341474964,548.1142911562913,605.4254534985178,643.8989478235213,636.0214276950279,578.1572284845397,515.0056739612372,397.84750398313423,314.1393212224475,195.2407218991155,127.54564090451062,51.461221035323,19.796963418101086,0.2824928330153358,3.6412622478953782,27.24664698970286,51.369950682417084,93.55283558856901,122.42270443694527,162.71670158352913,186.03309419140257,214.35901880484252,228.6137917564167,243.28499444435388,248.85118771665117,251.24888571453556,219.18906320746828,239.4595198417361,222.22631760238372,206.16309750419046,175.13685470465117,150.24277826934463,108.38265796000343,79.35598589923316,38.876083609320105,17.46563259870053,0.5214629018713214,3.2308800411695007,33.62217653848803,73.03690324890057,159.9072359379947,233.17624969391193,356.2645623399774,439.1871470825491,549.1466195816386,603.6522540812969,644.0490009404934,638.6060291604498,580.4861868541282,512.133957923412,378.8938391696273,280.9775679897768,142.9487010489739,69.79041649504148,6.563918158051167
scale_43,0.009636237269233044,20.565124758230027,117.07265722544119,218.5281650068731,347.2664886114663,533.7508795770427,655.9308032369612,779.141977158694,864.9486372764197,892.8147938378331,908.2837996976143,809.2079779076312,723.405554939684,632.6312611428498,439.5201740833325,321.3139444560696,214.77366104999186,85.53243392940456,30.615006750318848,3.1784253984508526,14.173805541403583,53.58722746353368,114.43206407788362,234.70497756041004,325.6333348321573,417.93532361285656,545.8912868481519,616.4335075810271,670.0433398509505,712.0846220059882,712.1566183822861,689.6418922529755,616.761758760798,546.3036671462515,463.1387440777193,326.0706789444054,235.10484295959958,151.68623807367374,53.77922192741183,14.2674233018758,0.011489288024820132,30.51463852717366,85.40368330921885,165.2444837732877,321.26286097931563,439.57836424252974,559.7304001004537,723.7970953821482,809.7667804289891,868.2985999014587,893.6519426413246,865.8555471579901,803.686493085323,656.7725448238787,534.501636172363,404.4203482955141,218.933575487786,117.33265786611481,43.985194045516586,0.011105509219535426
scale_44,0.806291117905182,16.849698434447415,82.34883796189541,251.3747025095401,408.3506101244822,582.8875270364834,782.6790189809408,949.0787436856045,1086.8777428246315,1183.8712725264484,1214.9994311130213,1186.72599590425,1108.413538713346,990.326932383323,830.1691113997026,651.6757178380003,397.1016088554989,241.61155686733227,117.44337524539893,27.176265950129583,0.004952258340459401,25.79969935666433,133.30208196521045,261.08771334455685,417.1208687320924,640.0408688919217,816.5782733780254,976.055191444909,1105.0409957776146,1175.921024854399,1200.870344930349,1176.051678959576,1105.3041743900226,976.3754992229618,816.9381225776389,588.6758289600075,417.48612444325465,261.39039938488645,102.32130724783953,25.879195032588044,0.004178591951970505,34.84231528953996,117.34016932319312,241.5221466198234,470.43589491215477,651.8032827147737,830.4314236041752,990.7269379884536,1108.9901808862332,1187.454616955141,1215.8512342900922,1184.8140099384477,1087.813470300597,949.9687976955154,760.822282841835,583.5873941170959,408.9040775319614,193.353439697751,82.52118171975158,16.911392325754967
scale_45,4.189626875512373,56.88218841164437,167.46438139533745,327.79578196899234,524.4630754214014,739.9967619564014,954.5402984729759,1147.806692602613,1301.1236092002357,1399.355041695122,1432.4971951358918,1396.7775910448302,1295.1363103849428,1137.0314852028403,937.5809350354406,716.1208220268305,494.3230748219037,294.0596998251257,135.22911618925394,33.764532849483366,0.026672949007094802,37.744728438604874,143.61429939518794,307.59492163197393,513.8793723853505,742.4394053126961,970.9946959296234,1177.209350372805,1340.8975354435904,1446.0188379272593,1482.264888972879,1446.0794632370353,1341.0106093979962,1177.3597811984432,971.1628265043956,742.6041270865416,514.0215711728086,307.700771525429,143.67793344654234,37.76988988889224,0.027079428757351823,33.762851949300774,135.25463300154178,294.1449321099887,494.49973668189114,716.415633316689,938.0118081749381,1137.6045883575698,1295.8444093757394,1397.599923224099,1433.4009449596058,1400.2982924439618,1302.0594625321278,1148.688100206567,955.3250565869203,740.6520917958252,524.9692543617736,328.1483967216743,167.67493250325958,56.97696590449244
scale_46,77.78006774835886,205.495495293403,382.1991140591318,483.92553053419755,701.6825151976307,920.0474411545334,1116.464554574827,1270.1650642019652,1364.4586340852022,1388.6907304797844,1373.216713125432,1288.6787971859592,1140.5619134555186,944.3223917256607,720.8166151450191,494.09756713371905,288.7995648821275,201.36641540292592,68.96576413364038,4.77141350034716,16.014699726034557,101.63495114451055,252.33165366443478,347.15300511963636,562.6429517919289,792.3647695660541,1010.8443442655864,1193.8398922892954,1320.9827133671795,1378.1053146679042,1378.1097135089492,1320.9413875679898,1193.7697375278594,1010.7546309753941,792.2407605891507,562.5012315584218,347.0150883681652,252.20753368083447,101.5363326724152,15.96863508613462,4.801220637863545,69.09595548626854,201.61301078332482,289.1179341978713,494.5575696383568,721.4151170563889,945.0447162955126,1141.4063901874538,1289.6040737785781,1374.1752112482275,1389.6805342451303,1365.4150615708602,1271.0613701131363,1117.2616594128876,920.6974295474874,702.174691320336,484.2678962998786,382.47820591243897,205.64534673080695,77.83820440144727
scale_47,126.51955067742675,265.9903778767287,438.6615610076216,531.6744147275406,718.052100813655,887.3410647592516,923.4622779557869,1067.748416594696,1118.383548317948,1060.4297156658472,1074.4966377908715,969.766553553635,817.5474127339284,667.2940827837796,539.7019569660877,352.8642074549199,230.86592320399848,124.0429136627715,31.50995227639,0.006930912781787048,13.477535182493785,71.47367408506415,188.46989123665523,271.59515135087264,430.4567840984309,606.1258962805064,767.399937487703,799.9896189005415,939.0117814329552,985.4841058599545,906.5949383562938,938.8709665284266,835.9334900023727,689.6080281513035,513.9315674126325,430.1175021749102,262.32998684381334,135.07375790372598,71.26989507630334,8.291902456833032,7.842740839149292,54.40742204157712,124.39816888115598,267.7787821424244,396.78899960632447,540.5052419827697,729.8992625973174,899.6275521743387,963.9271751776869,1075.5828643898867,1120.8590476672948,1050.555530860371,1068.6542475243284,960.1510441138535,806.7095970142154,610.5733677244003,532.0268643774483,349.47933880953656,191.2487196490421,126.55771650827442
scale_48,108.4770111427496,157.81722637512232,273.1471770507807,428.40062266604764,459.13771446717874,568.7577374906527,613.8328357858377,677.3388492224151,762.2446504792514,693.7009495677486,650.2952956121369,613.9742303232417,517.9344512049935,461.3564691843322,339.98367495635887,252.08526154209486,166.01206485062687,75.83744434274264,42.67232853749041,4.408894585119414,4.126292563607572,19.934177552109773,73.22723688689585,109.50289027019684,193.66553735126988,309.2149161013979,322.99487840382295,391.61739026796727,416.3942188999383,442.1076503852355,442.09774065768096,416.22970917303314,440.4999622408226,322.696249286979,237.77303572807466,193.32353422916236,109.1806692978044,74.69153892761888,19.770042822549705,0.01755990715444814,4.498314430086767,42.96574420151228,76.23677400229231,166.6227078506219,252.82901260519287,340.8699195104454,462.358349801044,519.0069406613815,615.0795680534718,715.4956013814796,694.7665085625347,694.7832217647974,678.2543904136814,614.5533157015701,569.4238787764576,459.604894289439,335.69412974233074,273.3631037616563,157.89336206878082,108.52357019182101
scale_49,46.582147552280446,58.67840018771221,86.7127074407837,151.02131173518416,184.75699671964688,249.1417497624958,277.4868975138562,321.64413461953467,336.0459284665931,347.3725056046629,344.1259361248206,320.8088896316096,301.7464704594756,252.38646021215789,223.85665834032602,180.8293165632501,134.3764117898896,106.36079901356351,57.849054072151716,38.52749742281983,11.520693871206621,4.043719334010298,0.4210917968232169,3.5468297727742537,16.982884500323635,25.98899563685982,45.10596905731527,53.885561520609734,67.04243701142964,70.5936817860144,110.2149508862676,66.97341190164329,91.60428303123238,44.96753783285502,35.44580863000116,16.851118788152046,9.16686653120535,0.39414302267189116,0.47311018000817645,11.694524138029658,23.27527301004788,58.28087707383748,81.15079496814126,135.06779306512723,164.66305893561125,224.75511344206086,253.33694854368798,314.16363948211534,321.8323869647333,336.149837419841,348.3427752328042,345.6050833744967,322.43929791980344,302.63497503129474,249.68736334895294,218.32823181015704,151.30726874546627,118.12913931324094,58.77134970062172,35.046541182189095
scale_50,12.611816590059128,0.6819255877689779,5.29792963895039,5.661803147997762,39.53442119559399,37.798992139504875,52.359573412009844,106.13432765611223,98.59818969861014,148.52663803856692,158.61585469194804,146.8108921744737,173.61093073091845,173.43808750560962,162.93012935394233,159.46933680068094,153.94042072496003,147.93375086521365,120.44050551167258,124.62933706604171,87.44094952134054,77.22098545560318,90.82955224203832,51.32475250337289,44.536386567994725,64.57356937832722,29.831078973018624,26.669998662196654,50.54843772926937,21.67595992618227,48.28422992662604,49.07732311044656,24.36984823081845,56.13634621014275,34.005063434205056,38.93216514697356,76.67391449200157,59.43316382006374,68.15013957646023,107.95096793358076,98.80262746169443,133.7451662167984,141.64756628836437,142.57216901609215,159.4906244802189,167.02825430875015,171.79545678465382,160.13109309522508,172.11825662615038,167.08740438327484,126.70561815396238,136.8792058428242,122.54426811152189,68.18113779920188,72.63867355659974,24.921093210977077,13.923749656797572,13.877279520900634,0.2270747127944423,0.49447374846824077
scale_51,141.57360811942442,54.14885584461902,33.3635426527114,29.431769642072375,1.305827473681409,0.1340744634349548,0.7943663503414871,5.68410611128596,33.915329200832126,49.753624127139425,62.4420458279357,83.63435046953903,128.4802503660511,149.81017852989208,182.2768537485029,208.26470100886132,231.26887150504749,249.46581420414734,307.2144798226326,329.47482271296724,309.66950497883,321.3866543909581,404.02864303048204,418.6877570665754,355.6709569097617,361.40001271716505,460.7633673188192,467.1831474728107,374.82091163168076,376.06662108505446,476.9420420143126,475.41919226011294,373.1219500965335,370.3538477319452,453.40223295815287,356.43077925686913,349.7198084192648,405.07398819659755,388.83770493220595,310.7684978199661,297.75157858607247,308.4383713842636,284.9771260368792,232.42273980471117,213.14051110714263,183.32347539929498,157.39263932849303,129.36881276551443,108.20325555066998,63.03281787567323,44.0552765769589,34.32393435896897,20.869461277111604,0.8495101185724817,0.4041667220225863,1.2465914428381617,6.944874568196215,49.37311875730549,74.88967330558113,79.77886127771083
scale_52,357.86135902163176,288.14185348220076,223.97893716825905,166.41965130218324,74.59827840917801,41.71011473634676,18.157710678687142,4.228921653782727,0.04851739021499925,5.5799286674469,44.86847592943413,77.81617827194803,118.8727243388999,167.32976803915085,222.37693597993263,283.11327657421276,417.8122232126582,489.7266374662425,563.2587201214626,637.3518657191325,710.9420220686374,782.9825047248542,918.5495149738084,980.2380629862032,1036.7190738757513,1087.2641520455466,1131.201686949459,1167.9555234534919,1218.1881962209193,1231.0235222747456,1235.3933102724034,1231.2574919966585,1218.6572750560579,1197.758416890987,1132.2598900061523,1088.5025922418226,1038.1171718587873,981.7706794420278,920.1987966400794,854.2356045785675,712.7283227367755,639.1355550197833,565.01551045675,491.4270314963703,419.4359922805584,350.11862765281955,223.61393953397837,168.40614405349174,119.78000536526447,78.54508090102955,45.41615328187555,20.998894644087187,0.048827400646649116,4.08209050836741,17.864897979790015,41.2890120446979,74.06876894954142,115.7516090353226,252.34552735797826,287.41743425539096
scale_53,601.0713574206375,481.9522894415352,371.49331778374363,278.4330069022756,186.52188888942587,111.23301770986201,21.136055726176544,2.274036206388026,2.642976810812644,22.479141563373393,61.65218123427661,119.67289891061237,195.7020043240205,288.5581321339865,396.74995231092237,518.50047477481,759.8672818158491,920.5203913698963,1088.0600387888908,1252.5762102410806,1406.7949099031114,1557.2929939947398,1701.4408826904755,1836.751871989255,1960.8656738133636,2071.599974669794,2167.025929826229,2245.498425050284,2551.2562731343146,2585.906389196504,2597.6649829389808,2346.8073738439753,2306.411954595732,2246.59667124758,2168.4127169063554,2073.252977984823,1962.75661439698,1838.854195069884,1703.6914506036715,1559.6486494444753,1409.2134239812785,1261.9552182230714,1090.460434189819,922.8293127141399,653.8265423774567,520.3945304884181,398.44280746076885,290.0179025818571,196.91424159964936,120.6209560420507,62.32820779424998,22.882645906273435,2.779016568620261,2.154255011058869,53.75613930038523,110.4739930609121,185.59224870405697,270.9207179272768,370.3424057236391,480.7439370833528
scale_54,741.9754975227614,566.3481024220501,408.2923812927676,271.6461858885542,159.85114402863567,75.87288983237832,22.130783543396383,0.438798516063846,11.959011909838495,57.168859745827554,135.84301257748305,247.05040214777378,389.166589596227,559.9013199206903,756.3407635148444,975.0036116728263,1211.9098767232065,1462.6609562595816,1722.5292615244616,1986.5554883882794,2249.6514306835684,2506.7061040491594,2752.692866972542,2982.7751962985362,3192.4087978165044,3377.4378081582136,3534.182970453355,3659.519840169124,3750.9452953886093,3806.6308825507826,3825.4618185920176,3807.060786955983,3751.7960009342974,3660.7733556844605,3535.8128421962533,3379.409744502445,3194.6814777026498,2985.301241302735,2755.4199528143154,2509.5781839558485,2252.6100403416426,1989.541100308069,1725.482655572338,1465.5245728940463,1214.6291201104823,977.5280713324563,758.6253254124563,561.907140919959,390.8619128209919,248.41119498909822,136.8534136947691,57.8214263317221,12.25476358391449,0.3870593468281225,21.7488287370437,75.18540843869391,158.88953347563867,270.44769815482874,406.8991439604513,564.8060406411311
scale_55,712.748447180812,501.47357931309074,321.4203776187898,177.54788675402483,74.1072325314778,14.485087035032574,1.161992426112214,8.845243179463226,64.38143435090605,170.89949480604662,327.28718596457577,531.293313972465,779.5346971155153,1067.601105210745,1194.7252912579006,1516.680508800492,1861.4644838398083,2222.249199645603,2591.77810976078,2962.510793127494,3279.8129735298335,3658.952382778419,4019.7273945667016,4354.501689129113,4656.1509405382285,4918.195757124586,5135.048290022327,4981.023977302541,5113.344103585151,5194.0108558100355,5221.269708871471,5194.528257517723,5114.341526660309,4982.458323189118,5136.778287402205,4920.336716893035,4658.635701405411,4357.28096399809,4022.7289153308247,3662.1334403837664,3330.1958024060673,2965.950469308613,2595.2292933843755,2225.6374763049457,1864.74414540073,1519.7509826847868,1197.523984366905,1070.215553094418,781.8060809237006,533.202142878313,328.804607782558,171.99307657323726,65.04883450843899,9.092250636524698,1.254365975549165,14.168284748990812,73.40397888529738,176.4977665384616,320.060985518665,499.8556198920331
scale_56,457.8199352813824,256.1458454250078,109.59414529502843,48.42287765753967,1.920201851665361,18.208857893870952,44.71361428191867,155.59864113416867,332.70361687291893,573.6329227486883,715.3086364526408,1035.5926969909904,1404.4764263812046,1632.8070060837692,2075.549169096794,2548.988334215796,3043.2090073032455,3208.4037887175273,3694.758106709058,4051.8476302522286,4544.398230029807,5014.648264120156,5452.263382294828,5847.445685769338,5830.729924064728,6132.879414442086,6476.520411065034,6696.189475354333,6845.517598245503,6921.199796505183,6921.443695247106,6661.09651329398,6553.568931067892,6697.559715557668,6478.371675077409,6193.760459959947,5850.199902563413,5455.283157029939,5078.3734372241615,4641.8514203519435,4547.928252551126,4055.490322107719,3551.473346134299,3046.8655237894127,2552.467573006613,2261.9646845527313,1818.11300837962,1635.8744864435678,1232.5194426438616,876.8167147005524,575.5738480438866,334.18288291278736,244.2697533314458,99.44773022976459,45.26186923370917,0.9292958632215967,22.868560890691047,108.78717099023092,254.9529256491255,316.11980308694115
scale_57,258.3852024362642,99.61168794244337,14.218859760670016,1.285376287483669,27.938675432935153,78.55804768885554,231.16256393750592,462.7662886931386,600.8864395204332,948.3332248829967,1147.4470870256164,1588.146382104618,2083.397371308108,2372.8859716166417,2943.1022104401127,3195.5505104405006,3788.7853481767415,4389.821795431137,4770.797233172505,5374.051539815431,5561.768204896589,6106.42823457693,6606.81942929093,6977.477384927194,7402.164874543542,7430.342480866998,7734.572916968091,8026.463785390158,8211.304933650414,8092.8839188895245,8138.654702314379,8093.472242532803,8212.2489698053,8027.815185773413,7736.29834614956,7432.614210690007,7054.252449821204,6980.331723757929,6493.322266337159,6109.85759741942,5565.472529150952,4989.073683168099,4774.56226155056,4159.105657531268,3792.728090798755,3199.385872033694,2626.593123030252,2376.259412917417,1846.25366295072,1591.1925923502115,1150.1046056856483,772.1590109027536,602.7559801130118,330.4912103942017,232.393108587631,79.27570281743117,28.343575693878954,1.2019635904147776,13.922449895919621,98.84064218721943
scale_58,36.133606846227366,4.620823973496289,0.7012013000142373,59.57877590953197,214.00230315268936,214.00030626734835,462.8545405533783,802.6321588644189,1227.473724108025,1227.4943462799793,1729.4412914499483,2298.318089462818,2922.260651081406,2922.3407581146193,3587.979890767437,4280.561821755088,4596.127895763128,4984.797278445238,5684.465430347458,6363.5590176135365,6363.635965428354,7006.598206857729,7598.302355434064,8124.768681548685,8124.923022014345,8574.031394238677,8934.873895801817,9199.001052548154,9199.201099654405,9360.37641456775,9414.621713086552,9360.788536331691,9361.01203478708,9200.319805537627,8936.54630281691,8936.691021605695,8576.259223398518,8127.620770356471,7601.294518430715,7601.435581870589,7010.041788132212,6367.257350505224,5688.205289708926,5688.311068313938,4988.641658326608,4284.427205035331,3591.6427513297463,3591.724873137998,2925.860791368649,2301.5772371244307,2009.108487788423,1732.3707815630112,1230.0305152789786,804.7017333686229,804.7244592397822,464.4594938562204,215.09523270048,60.15479835420607,60.1547341951825,0.763420895249664
scale_59,10.58853673540274,42.804755282736494,111.5066274658105,319.35379899742003,449.3283433681544,631.9513075003426,1044.4023171788945,1267.0099421176749,1549.2411390821765,2136.488523810356,2436.735924608727,2793.9535646991326,3507.531708395937,3861.67312097681,4261.412662543103,5038.650521867381,5821.356849429124,5821.439336056948,6591.675135466666,7331.158496601453,7331.229183909472,8022.758575633038,8649.588173526274,8935.924938792621,9197.19308951568,9651.788235639739,9847.833443076654,10003.129154402282,10241.988674694101,10327.268829648705,10363.300841872913,10363.447585072969,10327.855380201212,10243.061459183027,10004.446488860847,9849.536133465765,9653.9738700441,9199.574933127586,8938.571936234137,8652.645805271119,8025.973169014989,7334.687926507133,7334.860332645961,6595.358874259058,5825.203805802106,5825.381836057607,5042.497919641667,4265.153547681889,3865.175752613476,3511.1340244137114,2797.3058210232216,2439.7839444903043,2139.545980735603,1551.8935110774094,1269.3387023763457,1046.6567925304244,633.7109644400085,450.7556046067662,320.6239203983096,112.25443149915621
scale_60,187.82362181048055,294.05835249827805,454.6903433305584,833.9622857543209,1038.4797664725857,1319.2569681208424,1901.2042679797173,1901.2505445723448,2568.0533711253356,3305.3389724183994,3305.4126747906507,4097.02207824083,4451.843952942859,4925.079692729906,5770.332882939975,6127.498829022091,6613.412715747953,7433.911362633025,7434.063648937284,8212.799014726566,8502.940917448825,8931.01962966278,9571.115185484015,9774.040213339462,10117.939594088626,10557.58593815216,10557.763896694874,10879.935294863706,10906.892849661645,11076.614549591643,11142.845023179128,11038.500271555326,11077.151787417131,10880.975824295334,10881.16266195631,10559.441988217757,10268.75409122347,10120.082420613908,9573.825383058635,9183.902651995677,8933.985360532573,8216.061128372638,7758.77471015248,7437.576504973105,6616.974441524638,6617.078005588275,5774.14232944607,5289.185668305127,4928.754330586937,4100.6015392242125,3648.52246291533,3308.7589055222575,2571.1089237031383,2571.1384110107356,1903.9819365563128,1569.4236407063138,1321.5829363454081,835.8729398600253,613.0941502787006,456.08800100340864
scale_61,616.9675733328696,797.0191852670902,1060.83633155454,1613.3037035385423,1613.29754611866,2263.320863200148,2263.3424369394584,2997.101613616125,3798.62246587113,3798.6648648427363,4649.769557496786,4649.824998717317,5530.8819598871,5858.403761950306,6421.2429093580995,7299.738675001167,7299.812107686396,8145.382434205768,8145.4623663625935,8937.450978637218,9656.75435787378,9656.91307723995,10285.763138960952,10285.91933249239,10808.854448612414,10808.976117427273,11212.960280476598,11488.085173927746,11488.24330626816,11627.673306851995,11627.802014531262,11627.893955008825,11488.849506660716,11489.068008086526,11214.208417199801,11214.411418899776,10810.662549377235,10810.795319281387,10288.095595736102,9659.410097566632,9659.574915133648,8940.44508749176,8940.557147754409,8148.547270921263,7303.059752867121,7303.2199763066665,6424.653092815267,6424.793930515272,5534.335403490822,5534.41247632308,4653.190703020036,3801.8334180051256,3801.919583344884,3000.1115160960726,3000.1586406327538,2266.008498698368,1615.6180326474405,1615.6654097596677,1062.7645791723232,1062.800750981432
scale_62,1297.8961382414466,1643.17810810045,1905.3745279176094,2316.6517263568476,2607.423685523393,3078.7900742835495,3388.7826036203633,3912.738284109388,4231.843086839508,5117.1416805960625,5117.189302461121,6023.969993986819,6648.273383138805,6930.698862125422,7566.337156236207,7815.452348837979,8450.491839077904,8656.601348540677,9279.254132428665,9433.505715693362,10032.233266957574,10126.917828714933,10719.39794452095,10719.611712987984,11196.683341310956,11661.683888885906,11546.464131981627,11950.088521072197,11760.08455794276,12096.312604630539,11832.069962801423,12096.586994336207,11760.640162335903,11951.016863545778,11547.553634294503,11198.041411770128,11198.233788279178,10721.319527406733,10692.810139189685,10129.029353969816,10034.725091755412,9435.969155745088,9282.189111024594,8659.380875889603,8453.70860683334,7818.456677449494,7569.712953523704,6933.861079384519,6027.066059945075,6027.1633549309245,5120.230345103366,4802.840890388722,4234.780995259233,3915.900608389795,3391.523986588249,3081.7406322588995,2609.960195798184,2319.3118329325,1907.6305827449896,1299.7803778085452
scale_63,1911.7042697079787,2167.4812156354615,2625.8464906821464,2898.912750398585,3422.07502021395,3701.840423052663,4282.446338403457,4557.811880456836,5186.986278010816,5446.735244352951,6114.352121936529,6347.365254992563,7042.289800677499,7237.925263385242,7948.212728095479,8096.621650748646,8809.95940559646,8902.213770566063,9606.24192172149,9634.68586725548,10317.226749479556,10275.73107607887,10925.073764960329,10809.20835933217,11414.679863744164,11221.642632823698,11773.498858995183,11502.61416945601,11992.611644043269,11645.034500944124,12066.41130715538,11645.208160122007,11993.041713025275,11503.232905691528,11774.386263137638,11222.665908758194,11415.998919412918,10810.563078605028,10926.879469920179,10277.41552983873,10319.326407325052,9636.66352539729,9608.632296276395,8904.433640807707,8812.591512832112,8099.0184744418275,7951.000669573336,7240.467565647352,7045.172589520847,6349.970466185741,6117.286127137555,5449.335400951053,5189.873871356065,4560.335256799673,4285.220361352637,3704.2210423743522,3424.6895536006673,2901.121369588653,2628.206932019421,2169.4592683016667
